[{
  "device": {
    "mostRecentData": {
      "carrierName": "Cricket Wireless",
      "playStoreClientVersion": 82891210,
      "manufacturer": "motorola",
      "modelName": "moto g power (2021)",
      "deviceName": "borneo",
      "productName": "borneo_a",
      "retailBrand": "motorola",
      "totalMemoryBytes": "3906543616",
      "nativePlatform": ["arm64-v8a", "armeabi-v7a", "armeabi"],
      "deviceIpCountry": "US",
      "userLocale": "en_US",
      "buildFingerprint": "motorola/borneo_a/borneo:11/RZBS31.Q2-143-27-4/87136:user/release-keys",
      "androidSdkVersion": "30"
    },
    "dataAtTimeOfUserPlayActivity": {
      "carrierName": "Cricket Wireless",
      "manufacturer": "motorola",
      "modelName": "moto g power (2021)",
      "deviceName": "borneo",
      "productName": "borneo_a",
      "retailBrand": "motorola",
      "nativePlatform": ["arm64-v8a", "armeabi-v7a", "armeabi"],
      "deviceIpCountry": "US",
      "userLocale": "en_US",
      "androidSdkVersion": "30"
    },
    "deviceRegistrationTime": "2022-01-26T17:38:20.097Z",
    "userAddedOnDeviceTime": "2022-01-26T17:38:20.097Z",
    "lastTimeDeviceActive": "2022-01-26T17:38:20.230106Z"
  }
}]