[{
  "libraryDoc": {
    "doc": {
      "documentType": "Android Apps",
      "title": "Google Docs"
    },
    "acquisitionTime": "2022-01-26T17:38:59.515Z"
  }
},
{
  "libraryDoc": {
    "doc": {
      "documentType": "Android Apps",
      "title": "Google Play Services for AR"
    },
    "acquisitionTime": "2022-01-26T17:39:00.164Z"
  }
},
{
  "libraryDoc": {
    "doc": {
      "documentType": "Android Apps",
      "title": "Google Sheets"
    },
    "acquisitionTime": "2022-01-26T17:39:00.939Z"
  }
},
{
  "libraryDoc": {
    "doc": {
      "documentType": "Android Apps",
      "title": "Google Play services"
    },
    "acquisitionTime": "2022-01-26T17:39:01.741Z"
  }
},
{
  "libraryDoc": {
    "doc": {
      "documentType": "Android Apps",
      "title": "Google Slides"
    },
    "acquisitionTime": "2022-01-26T17:39:02.210Z"
  }
},
{
  "libraryDoc": {
    "doc": {
      "documentType": "Android Apps",
      "title": "Moto"
    },
    "acquisitionTime": "2022-01-26T17:39:05.626Z"
  }
},
{
  "libraryDoc": {
    "doc": {
      "documentType": "Android Apps",
      "title": "Amazon Shopping"
    },
    "acquisitionTime": "2022-01-26T17:39:06.715Z"
  }
},
{
  "libraryDoc": {
    "doc": {
      "documentType": "Android Apps",
      "title": "Bumble - Dating. Friends. Bizz"
    },
    "acquisitionTime": "2022-01-26T18:08:51.959Z"
  }
},
{
  "libraryDoc": {
    "doc": {
      "documentType": "Android Apps",
      "title": "Facebook"
    },
    "acquisitionTime": "2022-01-26T18:12:46.237Z"
  }
},
{
  "libraryDoc": {
    "doc": {
      "documentType": "Android Apps",
      "title": "Messenger"
    },
    "acquisitionTime": "2022-01-26T20:04:52.862Z"
  }
},
{
  "libraryDoc": {
    "doc": {
      "documentType": "Android Apps",
      "title": "Discord - Chat, Talk \u0026 Hangout"
    },
    "acquisitionTime": "2022-01-26T20:38:03.887Z"
  }
},
{
  "libraryDoc": {
    "doc": {
      "documentType": "Android Apps",
      "title": "Secret - Dating Nearby Casual"
    },
    "acquisitionTime": "2022-01-26T20:39:46.502Z"
  }
},
{
  "libraryDoc": {
    "doc": {
      "documentType": "Android Apps",
      "title": "craigslist"
    },
    "acquisitionTime": "2022-01-26T20:40:53.131Z"
  }
},
{
  "libraryDoc": {
    "doc": {
      "documentType": "Android Apps",
      "title": "PURE Hookup - anonymous dating"
    },
    "acquisitionTime": "2022-01-26T22:35:44.668Z"
  }
},
{
  "libraryDoc": {
    "doc": {
      "documentType": "Android Apps",
      "title": "LINE: Calls \u0026 Messages"
    },
    "acquisitionTime": "2022-01-26T22:50:00.380Z"
  }
},
{
  "libraryDoc": {
    "doc": {
      "documentType": "Android Apps",
      "title": "Honeycam Chat-Live Video Chat"
    },
    "acquisitionTime": "2022-01-26T23:05:35.053Z"
  }
},
{
  "libraryDoc": {
    "doc": {
      "documentType": "Android Apps",
      "title": "ChatHub Random Chat - Sexy Hot Voice Chat"
    },
    "acquisitionTime": "2022-01-27T02:35:47.921Z"
  }
},
{
  "libraryDoc": {
    "doc": {
      "documentType": "Android Apps",
      "title": "Instagram"
    },
    "acquisitionTime": "2022-01-27T03:49:55.285Z"
  }
}]