[{
  "purchaseHistory": {
    "invoicePrice": "$0.00",
    "paymentMethodTitle": "",
    "userLanguageCode": "en_US",
    "userCountry": "US",
    "doc": {
      "documentType": "Android Apps",
      "title": "Amazon Shopping"
    },
    "purchaseTime": "2022-01-26T17:39:06.715Z"
  }
},
{
  "purchaseHistory": {
    "invoicePrice": "$0.00",
    "paymentMethodTitle": "",
    "userLanguageCode": "en_US",
    "userCountry": "US",
    "doc": {
      "documentType": "Android Apps",
      "title": "Moto"
    },
    "purchaseTime": "2022-01-26T17:39:05.626Z"
  }
},
{
  "purchaseHistory": {
    "invoicePrice": "$0.00",
    "paymentMethodTitle": "",
    "userLanguageCode": "en_US",
    "userCountry": "US",
    "doc": {
      "documentType": "Android Apps",
      "title": "Google Slides"
    },
    "purchaseTime": "2022-01-26T17:39:02.210Z"
  }
},
{
  "purchaseHistory": {
    "invoicePrice": "$0.00",
    "paymentMethodTitle": "",
    "userLanguageCode": "en_US",
    "userCountry": "US",
    "doc": {
      "documentType": "Android Apps",
      "title": "Google Sheets"
    },
    "purchaseTime": "2022-01-26T17:39:00.939Z"
  }
},
{
  "purchaseHistory": {
    "invoicePrice": "$0.00",
    "paymentMethodTitle": "",
    "userLanguageCode": "en_US",
    "userCountry": "US",
    "doc": {
      "documentType": "Android Apps",
      "title": "Google Docs"
    },
    "purchaseTime": "2022-01-26T17:38:59.515Z"
  }
}]