{
    "Home App Data": [
        {"full_structures": [{
            "owner_emails": ["mmatt3741@gmail.com"],
            "owner_create_times": [{
                        "value": {
                                    "seconds": 1643232671,
                                    "nanos": 647180000
                        },
                        "key": "mmatt3741@gmail.com"
            }],
            "structure": {
                        "create_time": {
                                    "seconds": 1643232672,
                                    "nanos": 278381000
                        },
                        "personalized_nicknames": ["Home"]
            }
}]}
    ]
}