{
    "Apps": [],
    "App Settings": [],
    "Preferences": [
        {
            "name": "intl.accept_languages",
            "value": "\"en-US,en\""
},
        {
            "name": "translate_ignored_count_for_language",
            "value": "{\"ja\":0}"
},
        {
            "name": "sharing.vapid_key",
            "value": "{\"vapid_creation_timestamp\":\"13287702889926545\",\"vapid_private_key\":\"MIGHAgEAMBMGByqGSM49AgEGCCqGSM49AwEHBG0wawIBAQQgcxmhNBxazfDWqrlU0CNC/PstUIrkVT8bVZbsKgT5LI6hRANCAAQlvENNUpEb33t1+DmB+abG4300yEz68TfCHXH068dIodrgHIVEs2hgrsmlujuIQw41GICB+alyE0TN4p+BR9tp\"}"
},
        {
            "name": "download.prompt_for_download_android",
            "value": "1"
},
        {
            "name": "translate_site_blacklist_with_time",
            "value": "{}"
},
        {
            "name": "translate_denied_count_for_language",
            "value": "{\"ja\":0}"
},
        {
            "name": "autofill.profile_enabled",
            "value": "false"
},
        {
            "name": "search.contextual_search_enabled",
            "value": "\"true\""
},
        {
            "name": "payments.can_make_payment_enabled",
            "value": "false"
},
        {
            "name": "translate_recent_target",
            "value": "\"en\""
},
        {
            "name": "translate_accepted_count",
            "value": "{\"ja\":1}"
}
    ],
    "Themes": []
}